company_name,rating,timing_attribute,location,job_title,salary
,,"SymboticWilmington, MA 01887","Wilmington, MA 01887",Advanced Software Engineer- T3,
,,"SymboticWilmington, MA 01887","Wilmington, MA 01887",Advanced Software Engineer- T3,
,,"SymboticWilmington, MA 01887","Wilmington, MA 01887",Advanced Software Engineer- T3,
,,"SymboticWilmington, MA 01887","Wilmington, MA 01887",Advanced Software Engineer- T3,
,,"SymboticWilmington, MA 01887","Wilmington, MA 01887",Advanced Software Engineer- T3,
,,"SymboticWilmington, MA 01887","Wilmington, MA 01887",Advanced Software Engineer- T3,
,,"SymboticWilmington, MA 01887","Wilmington, MA 01887",Advanced Software Engineer- T3,
,,"SymboticWilmington, MA 01887","Wilmington, MA 01887",Advanced Software Engineer- T3,
,,"SymboticWilmington, MA 01887","Wilmington, MA 01887",Advanced Software Engineer- T3,
,,"SymboticWilmington, MA 01887","Wilmington, MA 01887",Advanced Software Engineer- T3,
,,"SymboticWilmington, MA 01887","Wilmington, MA 01887",Advanced Software Engineer- T3,
,,"SymboticWilmington, MA 01887","Wilmington, MA 01887",Advanced Software Engineer- T3,
,,"SymboticWilmington, MA 01887","Wilmington, MA 01887",Advanced Software Engineer- T3,
,,"SymboticWilmington, MA 01887","Wilmington, MA 01887",Advanced Software Engineer- T3,
,,"SymboticWilmington, MA 01887","Wilmington, MA 01887",Advanced Software Engineer- T3,
